scenario,avg_monthly_profit,delta_vs_baseline
Baseline,18164.274045330698,678.1936465494182
Conv -5%,16425.18855186297,-1060.8918469183081
Price +5%,21253.74123235067,3767.660833569389
UnitCost +10%,15463.510658226201,-2022.5697405550782
AdSpend -10%,19826.01762773307,2339.9372289517887
