segment,rmse
A,0.830708986692228
B,0.803962062893886
C,1.2479871188316316
