,Value1,Value2
count,20.0,20.0
mean,54.15,152.0
std,26.276415280627607,28.256345351647635
min,14.0,104.0
25%,33.0,130.0
50%,62.0,149.0
75%,76.0,173.25
max,97.0,199.0
