,Value1,Value2
count,20.0,20.0
mean,55.7,136.7
std,24.78773041138233,26.378021153983482
min,14.0,105.0
25%,38.0,113.0
50%,56.5,135.0
75%,77.0,155.5
max,95.0,185.0
