,Value1,Value2
count,20.0,20.0
mean,60.85,151.9
std,24.286177571874738,30.3261221426434
min,12.0,105.0
25%,41.5,124.5
50%,63.5,154.5
75%,75.25,180.75
max,98.0,192.0
